firstname,lastname,email,phone
Rina,Sweeney,urna.Nunc@Integertincidunt.com,5306300252
Vivien,Hall,faucibus.id@aliquetmetus.edu,0-530-488-6681
Clark,Waters,at@loremvitaeodio.net,0-532-171-1590
Kalia,Berg,a@vehicula.net,0-530-840-8752
Aladdin,Hayden,Maecenas.mi@egetmollis.org,0-532-438-7843
Kylynn,Macdonald,hendrerit.consectetuer@utlacusNulla.org,0-530-528-7615
Prescott,Castro,leo.elementum@utnullaCras.com,0-530-154-4982
Linus,Stein,sit.amet@Donec.net,0-530-428-5436
Daphne,Giles,egestas.ligula@necenimNunc.ca,0-530-766-2108
Donovan,Hodge,Mauris.vestibulum.neque@CurabiturmassaVestibulum.com,0-532-890-4203
Malik,Harrington,non@Quisqueornare.edu,0(530)2242891
Blair,Hicks,ornare.Fusce@diamatpretium.com,0-532-314-6931
Scarlet,Pate,orci.quis@sagittisplaceratCras.co.uk,0-532-812-3221
Hannah,Mcdowell,rutrum@tristiqueneque.org,(0-532)479-54-56
Murphy,Kennedy,a.neque.Nullam@Incondimentum.co.uk,0-530-943-7949
Felix,Newman,egestas@diam.edu,0-532-800-5365
Caesar,Rojas,Praesent.interdum@acorci.co.uk,0-532-732-5529
Octavius,Shaffer,ipsum@et.ca,0-532-303-7164
Roanna,Kramer,ac.metus@arcuVestibulum.co.uk,0-530-569-9006
Nathaniel,Wooten,lacus.vestibulum@vitaerisusDuis.ca,0-532-562-5352
Karen,Hill,facilisis@urna.edu,0-530-963-4135
Marny,Warner,Donec.sollicitudin@blanditcongueIn.co.uk,0-530-921-1317
Upton,Lynch,pede.Cum.sociis@nequeSedeget.edu,0-530-629-2542
Callie,Bishop,ipsum.Suspendisse@sitametrisus.com,0-532-492-8898
Xaviera,Barton,ultrices.Duis@tristique.org,0-532-336-6890
Hedwig,Benton,Vivamus@imperdiet.co.uk,0-532-767-7142
Nolan,Bass,Aliquam@ipsumPhasellusvitae.com,0-532-468-2431
Armand,Hess,Proin@enim.org,0-532-591-7179
Leroy,George,sit.amet@Donec.net,5329835280
Catherine,Hammond,ut.lacus.Nulla@lorem.org,0-532-571-6200
Thane,Stanley,arcu.et@aliquamadipiscing.edu,0-532-458-8610
Yetta,Watson,neque.Sed@arcu.ca,0-530-954-4240
Oprah,Jacobs,odio@Donec.ca,0-530-112-4051
Zia,Kirk,et.lacinia.vitae@leo.net,0-530-397-2214
Giselle,Harvey,at.pede@orci.edu,0-532-468-2431
Hedy,Murray,quis.arcu.vel@acarcu.org,0-530-411-2469
Kendall,Dudley,ipsum@et.ca,0-530-122-4849
Christopher,Warren,mus@acmetus.co-uk,0-532-755-1478
Belle,Knowles,ÅŸut.mi@pede.co-uk,0-532-664-1437
